{
	"ambientocclusion": false,
	"textures": {
		"particle": "#flowerbed"
	},
	"elements": [
		{
			"from": [0, 1, 0],
			"to": [8, 1, 8],
			"rotation": {"angle": 0, "axis": "y", "origin": [8, 0, 8]},
			"faces": {
				"up": {"uv": [0, 0, 8, 8], "texture": "#flowerbed"},
				"down": {"uv": [0, 8, 8, 0], "texture": "#flowerbed"}
			}
		},
		{
			"from": [4.5, 0, 0.75],
			"to": [4.5, 1, 2.25],
			"rotation": {"angle": -45, "axis": "y", "origin": [4.5, 0, 1.5]},
			"faces": {
				"east": {"uv": [3, 12, 1, 16], "texture": "#stem", "tintindex": 1},
				"west": {"uv": [1, 12, 3, 16], "texture": "#stem", "tintindex": 1}
			}
		},
		{
			"from": [3.75, 0, 1.5],
			"to": [5.25, 1, 1.5],
			"rotation": {"angle": -45, "axis": "y", "origin": [4.5, 0, 1.5]},
			"faces": {
				"north": {"uv": [5, 12, 7, 16], "texture": "#stem", "tintindex": 1},
				"south": {"uv": [7, 12, 5, 16], "texture": "#stem", "tintindex": 1}
			}
		},
		{
			"from": [2, 0, 4.25],
			"to": [2, 1, 5.75],
			"rotation": {"angle": -45, "axis": "y", "origin": [2, 0, 5]},
			"faces": {
				"east": {"uv": [3, 4, 1, 8], "texture": "#stem", "tintindex": 1},
				"west": {"uv": [1, 4, 3, 8], "texture": "#stem", "tintindex": 1}
			}
		},
		{
			"from": [1.25, 0, 5],
			"to": [2.75, 1, 5],
			"rotation": {"angle": -45, "axis": "y", "origin": [2, 0, 5]},
			"faces": {
				"north": {"uv": [5, 4, 7, 8], "texture": "#stem", "tintindex": 1},
				"south": {"uv": [7, 4, 5, 8], "texture": "#stem", "tintindex": 1}
			}
		},
		{
			"from": [6.5, 0, 5.75],
			"to": [6.5, 1, 7.25],
			"rotation": {"angle": -45, "axis": "y", "origin": [6.5, 0, 6.5]},
			"faces": {
				"east": {"uv": [11, 12, 9, 16], "texture": "#stem", "tintindex": 1},
				"west": {"uv": [9, 12, 11, 16], "texture": "#stem", "tintindex": 1}
			}
		},
		{
			"from": [5.75, 0, 6.5],
			"to": [7.25, 1, 6.5],
			"rotation": {"angle": -45, "axis": "y", "origin": [6.5, 0, 6.5]},
			"faces": {
				"north": {"uv": [13, 12, 15, 16], "texture": "#stem", "tintindex": 1},
				"south": {"uv": [15, 12, 13, 16], "texture": "#stem", "tintindex": 1}
			}
		}
	]
}