{
	"ambientocclusion": false,
	"textures": {
		"particle": "#flowerbed"
	},
	"elements": [
		{
			"from": [8, 1.5, 8],
			"to": [16, 1.5, 16],
			"rotation": {"angle": 0, "axis": "y", "origin": [8, 0, 8]},
			"faces": {
				"up": {"uv": [8, 8, 16, 16], "texture": "#flowerbed"},
				"down": {"uv": [8, 16, 16, 8], "texture": "#flowerbed"}
			}
		},
		{
			"from": [12.75, 0, 9.5],
			"to": [14.25, 1.5, 9.5],
			"rotation": {"angle": -45, "axis": "y", "origin": [13.5, 0, 9.5]},
			"faces": {
				"north": {"uv": [9, 12, 11, 16], "texture": "#stem", "tintindex": 1},
				"south": {"uv": [11, 12, 9, 16], "texture": "#stem", "tintindex": 1}
			}
		},
		{
			"from": [13.5, 0, 8.75],
			"to": [13.5, 1.5, 10.25],
			"rotation": {"angle": -45, "axis": "y", "origin": [13.5, 0, 9.5]},
			"faces": {
				"east": {"uv": [15, 12, 13, 16], "texture": "#stem", "tintindex": 1},
				"west": {"uv": [13, 12, 15, 16], "texture": "#stem", "tintindex": 1}
			}
		},
		{
			"from": [8.75, 0, 12.5],
			"to": [10.25, 1.5, 12.5],
			"rotation": {"angle": -45, "axis": "y", "origin": [9.5, 0, 12.5]},
			"faces": {
				"north": {"uv": [1, 12, 3, 16], "texture": "#stem", "tintindex": 1},
				"south": {"uv": [3, 12, 1, 16], "texture": "#stem", "tintindex": 1}
			}
		},
		{
			"from": [9.5, 0, 11.75],
			"to": [9.5, 1.5, 13.25],
			"rotation": {"angle": -45, "axis": "y", "origin": [9.5, 0, 12.5]},
			"faces": {
				"east": {"uv": [7, 12, 5, 16], "texture": "#stem", "tintindex": 1},
				"west": {"uv": [5, 12, 7, 16], "texture": "#stem", "tintindex": 1}
			}
		},
		{
			"from": [13.25, 0, 14],
			"to": [14.75, 1.5, 14],
			"rotation": {"angle": -45, "axis": "y", "origin": [14, 0, 14]},
			"faces": {
				"north": {"uv": [9, 4, 11, 8], "texture": "#stem", "tintindex": 1},
				"south": {"uv": [11, 4, 9, 8], "texture": "#stem", "tintindex": 1}
			}
		},
		{
			"from": [14, 0, 13.25],
			"to": [14, 1.5, 14.75],
			"rotation": {"angle": -45, "axis": "y", "origin": [14, 0, 14]},
			"faces": {
				"east": {"uv": [15, 4, 13, 8], "texture": "#stem", "tintindex": 1},
				"west": {"uv": [13, 4, 15, 8], "texture": "#stem", "tintindex": 1}
			}
		}
	]
}